{
  "meta_title": "Marca internacional de produtos naturais certificados, produzidos na Nova Zelândia.",
  "meta_description": "Considerada A Melhor Marca de Beleza da Nova Zelândia, temos muito orgulho em criar produtos eficazes, belos e delicados, que nutrem a pele e acalmam a alma, podendo ser consumidos sem preocupações. Nosso propósito é promover a beleza e o bem-estar diário de forma saudável.",
  "sections": [
    {
      "type": "banner-slider",
      "autoplay": 9000,
      "slides": [
        {
          "start": "",
          "end": "",
          "img": "/img/uploads/banner_oportunidade_maior65.jpg",
          "alt": "Banner sample",
          "mobile_img": "/img/uploads/oportunidademobile.jpg",
          "link": "/Promocao"
        },
        {
          "img": "/img/uploads/banner_maos-min.png",
          "alt": "",
          "start": "",
          "end": "",
          "mobile_img": "/img/uploads/cremesmobile.jpg",
          "link": "/banner-cremes-para-as-maos"
        },
        {
          "img": "/img/uploads/banner_kits.jpg",
          "link": "/kits",
          "alt": "Headset banner",
          "start": "2020-04-11T05:54:06.750Z",
          "end": "",
          "mobile_img": "/img/uploads/kitsmobile.jpg"
        }
      ]
    },
    {
      "type": "page-title",
      "title": "Linden Leaves | Natural, Sustentável e Orgânico",
      "description": ""
    },
    {
      "type": "collection-shelf",
      "shuffle": true,
      "sort": "sales",
      "title": "Mais Vendidos"
    },
    {
      "type": "banners-grid-quatro",
      "banners": [
        {
          "img": "/img/uploads/BANNER_MAOS.png",
          "link": "/maos"
        },
        {
          "img": "/img/uploads/BANNER_HIDRATANTES2.png",
          "link": " hidratante-corporal"
        },
        {
          "img": "/img/uploads/BANNER_FACIAL.png",
          "link": "/aromaterapia"
        },
        {
          "img": "/img/uploads/BANNER-OLEOS.png",
          "link": "/oleo-facial-miraculous-com-cha-branco-e-oleo-de-rosa-mosqueta"
        }
      ]
    },
    {
      "type": "banners-grid-text",
      "banners": [
        {
          "img": "/img/uploads/PRODUTOBANNER.png",
          "link": "/maos"
        },
        {
          "img": "/img/uploads/PRODUTObanner2.png",
          "link": "/hidratante-corporal"
        }
      ]
    },
    {
      "type": "collection-shelf",
      "shuffle": true,
      "headless": true,
      "title": "Premium"
    },
    {
      "type": "custom-html",
      "html": "<div data-mc-src=\"e0200e55-8183-4141-aed2-5e91d55c5110#instagram\"></div><script src=\"https://cdn2.woxo.tech/a.js#60195ae5bc355800154f462b\" async defer data-usrc></script>"
    }
  ]
}
